municipio;ranking;score;tipo_prestador;populacao;desempenho;desempenho_norm;inv_per_capita;inv_per_capita_norm;tarifa_agua;tarifa_agua_norm;perdas;perdas_norm;perdas_trunc_norm
Itapé;  1;75,07777;EMBASA;   9830; 85,470; 36,315335;2,290126e+03;1,000000e+02; 4,710000; 84,2933691; 22,61000; 62,08016; 76,51275
Itororó;  2;65,65758;Adm. pública municipal;  21241;117,990; 50,362851;9,085946e+00;3,967443e-01; 0,790000; 97,4212994;  0,00000; 81,13701;100,00000
Luís Eduardo Magalhães;  3;64,51780;EMBASA;  83557;164,800; 70,583153;6,799985e+01;2,969262e+00; 5,070000; 83,0877428; 18,02000; 65,94884; 81,28084
Sobradinho;  4;64,23698;Adm. pública municipal;  23713; 94,200; 40,086393;0,000000e+00;0,000000e+00; 1,310000; 95,6798392; -5,08000; 85,41869;100,00000
Dom Basílio;  5;63,42312;Adm. pública municipal;  12604;139,260; 59,550756;1,500617e+02;6,552552e+00; 2,150000; 92,8667113;  1,20000; 80,12559; 98,75344
Itaberaba;  6;62,96694;EMBASA;  66806; 94,950; 40,410367;6,242293e+02;2,725742e+01; 5,510000; 81,6141996; 18,49000; 65,55270; 80,79261
Mascote;  7;62,88622;EMBASA;  14728;178,570; 76,531317;0,000000e+00;0,000000e+00; 4,560000; 84,7957133;  8,19000; 74,23406; 91,49224
Dom Macedo Costa;  8;62,01681;EMBASA;   4212; 83,390; 35,416847;5,740581e+02;2,506666e+01; 4,120000; 86,2692565; 19,69000; 64,54128; 79,54605
Nova Fátima;  9;61,40961;EMBASA;   8119; 91,210; 38,794816;0,000000e+00;0,000000e+00; 4,680000; 84,3938379; -3,23000; 83,85941;100,00000
Igaporã; 10;61,09132;Adm. pública municipal;  16283;158,180; 67,723542;1,399980e+02;6,113111e+00; 1,510000; 95,0100469;  8,10000; 74,30992; 91,58573
São Félix do Coribe; 11;61,05547;Adm. pública municipal;  15825;116,240; 49,606911;7,196140e+00;3,142246e-01; 3,490000; 88,3791025; 16,80000; 66,97712; 82,54818
Riacho de Santana; 12;60,86032;Adm. pública municipal;  36439;232,900;100,000000;0,000000e+00;0,000000e+00; 1,840000; 93,9048895; 16,67000; 67,08669; 82,68322
Jequié; 13;60,79368;EMBASA; 162209;133,780; 57,183585;2,930106e+01;1,279452e+00; 5,460000; 81,7816477; 20,66000; 63,72372; 78,53841
Itajuípe; 14;60,73196;Adm. pública municipal;  21642;101,590; 43,278618;1,044397e+00;4,560434e-02; 2,330000; 92,2638982; -8,37000; 88,19167;100,00000
Almadina; 15;60,60198;EMBASA;   5985; 86,660; 36,829374;0,000000e+00;0,000000e+00; 4,570000; 84,7622237; -1,01000; 81,98829;100,00000
Firmino Alves; 16;60,42096;EMBASA;   5822;116,090; 49,542117;0,000000e+00;0,000000e+00; 5,280000; 82,3844608; 11,78000; 71,20823; 87,76295
São Domingos; 17;60,14273;EMBASA;   9404; 92,510; 39,356371;0,000000e+00;0,000000e+00; 5,050000; 83,1547220;  0,29000; 80,89258; 99,69875
São José do Jacuípe; 18;60,10263;EMBASA;  10784;101,130; 43,079914;4,991649e+01;2,179639e+00; 4,510000; 84,9631614;  1,04000; 80,26044; 98,91965
Paramirim; 19;59,51454;EMBASA;  22286;100,690; 42,889849;1,637699e+00;7,151128e-02; 4,850000; 83,8245144; 12,28000; 70,78680; 87,24355
Capim Grosso; 20;59,35184;EMBASA;  31392; 81,090; 34,423326;6,488637e+01;2,833310e+00; 4,970000; 83,4226390;  6,00000; 76,07990; 93,76721
Coaraci; 21;59,27428;EMBASA;  19022;106,500; 45,399568;0,000000e+00;0,000000e+00; 4,810000; 83,9584729;  7,74000; 74,61334; 91,95970
Remanso; 22;59,10635;Adm. pública municipal;  42672;110,980; 47,334773;1,425517e+00;6,224623e-02; 1,670000; 94,4742130;  9,44000; 73,18050; 90,19374
Vitória da Conquista; 23;59,08353;EMBASA; 348718;120,070; 51,261339;4,277022e+01;1,867592e+00; 5,220000; 82,5853985; 25,43000; 59,70332; 73,58334
Santo Antônio de Jesus; 24;59,05843;EMBASA; 103342;111,880; 47,723542;2,967498e+01;1,295779e+00; 5,480000; 81,7146685; 19,67000; 64,55814; 79,56682
Iaçu; 25;58,76541;EMBASA;  25884; 90,240; 38,375810;1,732218e+00;7,563855e-02; 4,730000; 84,2263898; 11,85000; 71,14923; 87,69023
Barreiras; 26;58,65923;EMBASA; 157638;110,060; 46,937365;5,041797e+01;2,201537e+00; 5,480000; 81,7146685; 22,18000; 62,44258; 76,95944
Itarantim; 27;58,49103;EMBASA;  20314;149,205; 63,846652;4,291469e+01;1,873901e+00; 5,280000; 82,3844608; 18,41000; 65,62013; 80,87571
Jitaúna; 28;58,46037;EMBASA;  12692;109,510; 46,699784;0,000000e+00;0,000000e+00; 4,800000; 83,9919625; -4,88000; 85,25012;100,00000
Sítio do Quinto; 29;58,45553;EMBASA;  11283;102,430; 43,641469;0,000000e+00;0,000000e+00; 4,060000; 86,4701942; -2,17000; 82,96599;100,00000
Salinas da Margarida; 30;58,31243;EMBASA;  15772; 88,870; 37,784017;0,000000e+00;0,000000e+00; 5,280000; 82,3844608; 11,56000; 71,39366; 87,99148
Guanambi; 31;58,21777;EMBASA;  86808;101,690; 43,321814;3,063272e+01;1,337600e+00; 5,700000; 80,9778969; 18,61000; 65,45156; 80,66795
Eunápolis; 32;58,12372;EMBASA; 115290;111,960; 47,758099;1,343480e+01;5,866401e-01; 5,350000; 82,1500335; 15,57000; 68,01383; 83,82590
Saubara; 33;58,10015;EMBASA;  12380; 62,370; 26,336933;2,645075e+02;1,154991e+01; 4,480000; 85,0636303; 16,12000; 67,55026; 83,25456
Serrolândia; 34;58,08525;EMBASA;  13832;102,380; 43,619870;0,000000e+00;0,000000e+00; 5,220000; 82,5853985; 20,07000; 64,22100; 79,15130
Ibirataia; 35;58,04561;EMBASA;  17221;100,180; 42,669546;0,000000e+00;0,000000e+00; 4,930000; 83,5565975;  4,74000; 77,14190; 95,07609
Ilhéus; 36;58,02155;EMBASA; 176341;106,190; 45,265659;1,625254e+02;7,096788e+00; 5,710000; 80,9444072; 28,66000; 56,98091; 70,22802
Itapitanga; 37;57,95413;EMBASA;  10799; 95,210; 40,522678;0,000000e+00;0,000000e+00; 4,860000; 83,7910248; -5,60000; 85,85697;100,00000
Várzea Nova; 38;57,94995;EMBASA;  13454; 94,140; 40,060475;5,243635e+00;2,289671e-01; 4,420000; 85,2645680;  4,51000; 77,33575; 95,31502
Ipiaú; 39;57,89757;EMBASA;  47704; 98,880; 42,107991;2,830508e+01;1,235962e+00; 5,060000; 83,1212324; 13,59000; 69,68267; 85,88272
Santa Maria da Vitória; 40;57,76357;Adm. pública municipal;  41769;100,490; 42,803456;2,735544e+00;1,194495e-01; 7,390000; 75,3181514; -8,21000; 88,05681;100,00000
Ibotirama; 41;57,72976;EMBASA;  27862;127,660; 54,539957;3,488132e+01;1,523118e+00; 4,890000; 83,6905559; 26,46000; 58,83518; 72,51338
Coribe; 42;57,72694;Adm. pública municipal;  14933;115,530; 49,300216;0,000000e+00;0,000000e+00; 1,650000; 94,5411922; 43,12000; 44,79330; 55,20699
Santa Inês; 43;57,56540;EMBASA;  11161;123,510; 52,747300;6,963420e-01;3,040627e-02; 5,490000; 81,6811788; 16,17000; 67,50812; 83,20262
Itabuna; 44;57,52305;Adm. pública municipal; 221046; 93,040; 39,585313;4,459553e+01;1,947296e+00; 3,390000; 88,7139987; 28,20000; 57,36862; 70,70587
Macarani; 45;57,51614;Adm. pública municipal;  19110;100,430; 42,777538;1,367449e+00;5,971063e-02; 2,000000; 93,3690556; 12,01000; 71,01437; 87,52402
Amargosa; 46;57,37364;EMBASA;  38259;104,180; 44,397408;2,630053e-01;1,148432e-02; 5,060000; 83,1212324; 11,97000; 71,04809; 87,56558
Xique-Xique; 47;57,28918;Adm. pública municipal;  48365;104,290; 44,444924;3,530374e+00;1,541563e-01; 3,230000; 89,2498326;  0,00000; 81,13701;100,00000
Cairu; 48;57,26003;EMBASA;  18224;113,110; 48,254860;6,785263e+01;2,962834e+00; 5,810000; 80,6095111; 14,61000; 68,82296; 84,82315
Uibaí; 49;57,25166;EMBASA;  14474; 82,870; 35,192225;0,000000e+00;0,000000e+00; 4,240000; 85,8673811; 18,91000; 65,19870; 80,35631
Itatim; 50;57,24817;EMBASA;  14957; 96,910; 41,257019;0,000000e+00;0,000000e+00; 5,130000; 82,8868051; 22,59000; 62,09702; 76,53353
Irecê; 51;57,15694;EMBASA;  74483; 90,110; 38,319654;3,487610e+01;1,522890e+00; 5,770000; 80,7434695; 18,91000; 65,19870; 80,35631
Ibicuí; 52;57,10139;EMBASA;  16796;127,390; 54,423326;2,798563e+01;1,222012e+00; 4,770000; 84,0924313;  3,45000; 78,22917; 96,41614
Presidente Dutra; 53;57,07317;EMBASA;  15734; 83,670; 35,537797;0,000000e+00;0,000000e+00; 4,480000; 85,0636303; 19,01000; 65,11442; 80,25243
Itambé; 54;57,06769;EMBASA;  24901;111,830; 47,701944;6,374253e+00;2,783363e-01; 4,620000; 84,5947756; 14,04000; 69,30339; 85,41526
Nazaré; 55;56,98035;EMBASA;  29546;104,580; 44,570194;0,000000e+00;0,000000e+00; 4,810000; 83,9584729; 11,62000; 71,34308; 87,92916
Medeiros Neto; 56;56,74349;EMBASA;  23586;120,550; 51,468683;3,177545e-01;1,387498e-02; 5,180000; 82,7193570; 15,39000; 68,16554; 84,01288
Itapebi; 57;56,72183;EMBASA;  10830;108,540; 46,280778;0,000000e+00;0,000000e+00; 4,830000; 83,8914936;  5,79000; 76,25690; 93,98535
Jussara; 58;56,71116;EMBASA;  16006; 77,880; 33,036717;0,000000e+00;0,000000e+00; 4,260000; 85,8004019; 18,91000; 65,19870; 80,35631
Pau Brasil; 59;56,61608;EMBASA;  10673;106,480; 45,390929;0,000000e+00;0,000000e+00; 4,800000; 83,9919625;  7,83000; 74,53749; 91,86620
Gavião; 60;56,57464;EMBASA;   4725; 74,375; 31,522678;0,000000e+00;0,000000e+00; 5,000000; 83,3221701;-11,00000; 90,40836;100,00000
Prado; 61;56,51057;EMBASA;  29326;111,020; 47,352052;1,026570e-01;4,482592e-03; 5,270000; 82,4179504;  8,79000; 73,72835; 90,86896
Ibititá; 62;56,47915;EMBASA;  17948; 73,560; 31,170626;0,000000e+00;0,000000e+00; 4,190000; 86,0348292; 18,92000; 65,19028; 80,34592
Lapão; 63;56,42208;EMBASA;  28244; 78,060; 33,114471;1,294300e+01;5,651654e-01; 4,480000; 85,0636303; 18,90000; 65,20713; 80,36670
Ibirapuã; 64;56,41387;EMBASA;   8852;109,590; 46,734341;0,000000e+00;0,000000e+00; 4,980000; 83,3891494; -2,68000; 83,39585;100,00000
Várzea do Poço; 65;56,40517;EMBASA;   9449;108,070; 46,077754;0,000000e+00;0,000000e+00; 4,700000; 84,3268587; 13,39000; 69,85124; 86,09048
Itapetinga; 66;56,38141;Adm. pública municipal;  77533; 90,540; 38,505400;1,253462e+00;5,473332e-02; 1,670000; 94,4742130; 38,28000; 48,87269; 60,23477
Central; 67;56,37475;EMBASA;  17969; 86,360; 36,699784;0,000000e+00;0,000000e+00; 4,590000; 84,6952445; 18,91000; 65,19870; 80,35631
Formosa do Rio Preto; 68;56,34240;EMBASA;  25912;154,020; 65,926566;0,000000e+00;0,000000e+00; 4,810000; 83,9584729; 17,69000; 66,22698; 81,62364
Canavieiras; 69;56,26228;EMBASA;  33002; 86,090; 36,583153;1,700324e+01;7,424585e-01; 4,690000; 84,3603483;  4,19000; 77,60546; 95,64743
Ribeira do Pombal; 70;56,21563;EMBASA;  54965;135,600; 57,969762;3,084591e+01;1,346909e+00; 5,230000; 82,5519089; 20,57000; 63,79957; 78,63190
Cruz das Almas; 71;56,15158;EMBASA;  64932;102,180; 43,533477;4,190563e+01;1,829839e+00; 4,730000; 84,2263898; 25,27000; 59,83818; 73,74955
Correntina; 72;56,11905;Adm. pública municipal;  33361;128,630; 54,958963;8,683854e+00;3,791867e-01; 2,100000; 93,0341594; 13,91000; 69,41296; 85,55031
Santaluz; 73;56,06608;EMBASA;  38422; 97,040; 41,313175;1,186003e+02;5,178765e+00; 4,630000; 84,5612860;  6,11000; 75,98719; 93,65294
Rio Real; 74;55,94426;EMBASA;  41767;100,220; 42,686825;4,720693e+01;2,061324e+00; 4,500000; 84,9966510;  7,06000; 75,18648; 92,66608
Várzea da Roça; 75;55,94394;EMBASA;  14662; 92,640; 39,412527;0,000000e+00;0,000000e+00; 4,830000; 83,8914936; 11,70000; 71,27566; 87,84605
Riachão do Jacuípe; 76;55,90551;EMBASA;  34784; 96,480; 41,071274;8,373210e+01;3,656222e+00; 5,140000; 82,8533155; 22,27000; 62,36673; 76,86595
Cândido Sales; 77;55,85076;EMBASA;  26674; 91,840; 39,066955;0,000000e+00;0,000000e+00; 4,650000; 84,4943068; 13,08000; 70,11252; 86,41251
Quixabeira; 78;55,81592;EMBASA;   9411; 75,780; 32,129590;0,000000e+00;0,000000e+00; 4,950000; 83,4896182; 15,23000; 68,30039; 84,17909
Ipirá; 79;55,75779;EMBASA;  62631; 83,050; 35,269978;3,738914e+02;1,632623e+01; 5,110000; 82,9537843; 15,73000; 67,87897; 83,65969
Aurelino Leal; 80;55,67416;EMBASA;  12706; 91,630; 38,976242;0,000000e+00;0,000000e+00; 4,580000; 84,7287341; 15,71000; 67,89583; 83,68047
Chorrochó; 81;55,66650;EMBASA;  11591;105,960; 45,166307;3,016806e+02;1,317310e+01; 4,630000; 84,5612860; 14,73000; 68,72182; 84,69849
Angical; 82;55,55410;EMBASA;  14690; 97,740; 41,615551;0,000000e+00;0,000000e+00; 4,320000; 85,5994642;  8,39000; 74,06549; 91,28448
Jacobina; 83;55,53773;EMBASA;  83635; 94,060; 40,025918;1,607872e+02;7,020888e+00; 5,200000; 82,6523778; 25,66000; 59,50946; 73,34442
Cipó; 84;55,43926;EMBASA;  17739;131,180; 56,060475;0,000000e+00;0,000000e+00; 5,150000; 82,8198259; 21,12000; 63,33601; 78,06056
Ubaitaba; 85;55,33602;EMBASA;  20489; 99,700; 42,462203;0,000000e+00;0,000000e+00; 5,000000; 83,3221701; 20,80000; 63,60572; 78,39298
São Gabriel; 86;55,29963;EMBASA;  19613; 77,830; 33,015119;0,000000e+00;0,000000e+00; 4,760000; 84,1259210; 18,90000; 65,20713; 80,36670
Itagi; 87;55,19078;EMBASA;  13199; 99,050; 42,181425;0,000000e+00;0,000000e+00; 4,550000; 84,8292029; 14,93000; 68,55325; 84,49073
Morro do Chapéu; 88;55,03966;EMBASA;  36856;106,850; 45,550756;8,901950e-01;3,887100e-02; 4,570000; 84,7622237;  4,26000; 77,54646; 95,57472
Juazeiro; 89;55,03179;Adm. pública municipal; 221773;131,250; 56,090713;2,677353e+00;1,169085e-01; 2,440000; 91,8955124; 60,19000; 30,40584; 37,47469
Lajedão; 90;55,03108;EMBASA;   4068; 35,315; 14,650108;1,725819e+00;7,535910e-02; 4,950000; 83,4896182;  2,63000; 78,92031; 97,26796
Uruçuca; 91;55,02986;EMBASA;  21711; 94,300; 40,129590;2,081823e-01;9,090427e-03; 5,180000; 82,7193570; 16,19000; 67,49126; 83,18184
Wagner; 92;54,96831;EMBASA;   9753; 86,470; 36,747300;0,000000e+00;0,000000e+00; 4,670000; 84,4273275;  9,99000; 72,71693; 89,62240
Porto Seguro; 93;54,96585;EMBASA; 149324;105,290; 44,876890;2,543663e+01;1,110709e+00; 5,390000; 82,0160750; 20,29000; 64,03557; 78,92277
Utinga; 94;54,96541;EMBASA;  19780; 94,660; 40,285097;9,769602e+01;4,265966e+00; 4,710000; 84,2933691;  8,69000; 73,81264; 90,97284
Jaguaquara; 95;54,94813;EMBASA;  56033; 92,000; 39,136069;4,031325e+01;1,760307e+00; 5,540000; 81,5137307; 14,34000; 69,05053; 85,10362
Caatiba; 96;54,89286;EMBASA;   7841;111,170; 47,416847;0,000000e+00;0,000000e+00; 5,320000; 82,2505023; 12,79000; 70,35695; 86,71376
Itabela; 97;54,81068;EMBASA;  31422;100,430; 42,777538;5,214310e-01;2,276866e-02; 4,910000; 83,6235767; 14,27000; 69,10953; 85,17634
Gandu; 98;54,78901;EMBASA;  33234;122,620; 52,362851;2,953710e+01;1,289758e+00; 4,910000; 83,6235767; 18,72000; 65,35885; 80,55368
Castro Alves; 99;54,72526;EMBASA;  27238; 79,450; 33,714903;0,000000e+00;0,000000e+00; 4,660000; 84,4608171; 22,74000; 61,97059; 76,37771
João Dourado;100;54,68948;EMBASA;  25646; 81,030; 34,397408;1,472503e+01;6,429792e-01; 4,720000; 84,2598794; 18,90000; 65,20713; 80,36670
Paulo Afonso;101;54,66907;EMBASA; 120706;143,210; 61,257019;1,337587e+01;5,840668e-01; 6,950000; 76,7916946; 41,97000; 45,76257; 56,40160
Queimadas;102;54,63242;EMBASA;  26552; 80,870; 34,328294;1,012306e+00;4,420305e-02; 4,540000; 84,8626926;  6,49000; 75,66691; 93,25819
Lençóis;103;54,58320;EMBASA;  11636;104,620; 44,587473;8,831731e+00;3,856439e-01; 5,510000; 81,6141996; 13,31000; 69,91867; 86,17358
Maiquinique;104;54,55907;EMBASA;  10274;101,180; 43,101512;7,151161e+01;3,122605e+00; 4,720000; 84,2598794; 11,80000; 71,19137; 87,74217
Poções;105;54,45533;EMBASA;  48861;106,510; 45,403888;0,000000e+00;0,000000e+00; 5,500000; 81,6476892; 28,05000; 57,49505; 70,86169
Jussari;106;54,45287;Adm. pública municipal;   6275;101,890; 43,408207;0,000000e+00;0,000000e+00; 1,620000; 94,6416611; 50,00000; 38,99448; 48,06005
Manoel Vitorino;107;54,42202;EMBASA;  14251;108,960; 46,462203;0,000000e+00;0,000000e+00; 4,500000; 84,9966510; -7,10000; 87,12125;100,00000
Itamaraju;108;54,40152;EMBASA;  67356; 95,980; 40,855292;3,525363e+01;1,539375e+00; 5,110000; 82,9537843; 19,74000; 64,49914; 79,49411
Nova Redenção;109;54,31297;EMBASA;   9500; 72,790; 30,838013;0,000000e+00;0,000000e+00; 4,640000; 84,5277964;  8,54000; 73,93906; 91,12866
São José da Vitória;110;54,28384;EMBASA;   6045; 88,370; 37,568035;8,289515e+00;3,619676e-01; 3,920000; 86,9390489; 21,21000; 63,26015; 77,96707
Vera Cruz;111;54,23211;EMBASA;  43640; 97,840; 41,658747;2,489603e+01;1,087103e+00; 5,940000; 80,1741460; 39,03000; 48,24055; 59,45567
Santa Teresinha;112;54,19225;EMBASA;  10682; 91,710; 39,010799;9,666506e-02;4,220949e-03; 5,090000; 83,0207636; 22,58000; 62,10544; 76,54392
Seabra;113;54,16692;EMBASA;  45568; 93,480; 39,775378;2,054336e+01;8,970405e-01; 4,940000; 83,5231078; -9,85000; 89,43908;100,00000
Valente;114;54,12954;EMBASA;  28743; 82,350; 34,967603;0,000000e+00;0,000000e+00; 4,630000; 84,5612860; 15,92000; 67,71883; 83,46232
Maracás;115;54,10643;EMBASA;  23018; 69,070; 29,231102;1,392441e+01;6,080192e-01; 4,400000; 85,3315472;-11,68000; 90,98150;100,00000
Guaratinga;116;53,96696;EMBASA;  22154;129,420; 55,300216;0,000000e+00;0,000000e+00; 4,860000; 83,7910248; -3,14000; 83,78356;100,00000
Feira de Santana;117;53,94686;EMBASA; 627477; 99,250; 42,267819;3,357796e+01;1,466205e+00; 5,080000; 83,0542532; 43,01000; 44,88601; 55,32125
Coronel João Sá;118;53,91028;EMBASA;  16814; 95,000; 40,431965;1,739030e+01;7,593598e-01; 4,480000; 85,0636303;  2,86000; 78,72645; 97,02903
Cotegipe;119;53,88191;EMBASA;  14414; 98,490; 41,939525;0,000000e+00;0,000000e+00; 4,240000; 85,8673811;  7,99000; 74,40263; 91,70000
Morpará;120;53,86224;EMBASA;   8950; 88,330; 37,550756;1,731343e+02;7,560034e+00; 4,510000; 84,9631614; 16,61000; 67,13726; 82,74555
Ibiquera;121;53,74803;EMBASA;   4214; 58,450; 24,643629;0,000000e+00;0,000000e+00; 4,600000; 84,6617549;  4,44000; 77,39475; 95,38773
Santa Cruz Cabrália;122;53,68038;EMBASA;  28552;130,640; 55,827214;2,599146e+00;1,134936e-01; 5,820000; 80,5760214; 23,66000; 61,19517; 75,42201
Nova Itarana;123;53,62635;EMBASA;   8428; 72,300; 30,626350;0,000000e+00;0,000000e+00; 2,370000; 92,1299397; 22,58000; 62,10544; 76,54392
Rio do Antônio;124;53,55673;EMBASA;  15804; 45,930; 19,235421;3,973489e+02;1,735053e+01; 4,340000; 85,5324849; 12,27000; 70,79523; 87,25394
Ibipeba;125;53,54180;EMBASA;  18678; 77,010; 32,660907;0,000000e+00;0,000000e+00; 4,450000; 85,1640991; 16,08000; 67,58397; 83,29611
Caravelas;126;53,52768;EMBASA;  22740; 88,950; 37,818575;4,838781e+00;2,112888e-01; 5,160000; 82,7863362;  9,26000; 73,33221; 90,38072
Brumado;127;53,49496;EMBASA;  69677; 77,590; 32,911447;2,517860e+01;1,099442e+00; 5,910000; 80,2746149; 23,05000; 61,70930; 76,05568
Senhor do Bonfim;128;53,43004;EMBASA;  81218; 89,120; 37,892009;3,164306e+01;1,381717e+00; 7,120000; 76,2223711; 34,98000; 51,65410; 63,66281
Alcobaça;129;53,39005;EMBASA;  23376;126,140; 53,883369;0,000000e+00;0,000000e+00; 5,090000; 83,0207636; 18,13000; 65,85613; 81,16657
Sapeaçu;130;53,34873;EMBASA;  18114; 94,010; 40,004320;1,873920e+00;8,182604e-02; 4,340000; 85,5324849; 25,25000; 59,85503; 73,77032
Ruy Barbosa;131;53,30964;EMBASA;  32009; 74,440; 31,550756;0,000000e+00;0,000000e+00; 4,340000; 85,5324849; 17,55000; 66,34498; 81,76908
Nova Soure;132;53,25794;EMBASA;  25460;129,320; 55,257019;0,000000e+00;0,000000e+00; 4,770000; 84,0924313; 11,22000; 71,68022; 88,34467
Barra do Rocha;133;53,23151;EMBASA;   6258; 74,110; 31,408207;0,000000e+00;0,000000e+00; 4,830000; 83,8914936; -2,54000; 83,27785;100,00000
Marcionílio Souza;134;53,20617;EMBASA;  10931; 72,510; 30,717063;0,000000e+00;0,000000e+00; 4,580000; 84,7287341;  8,96000; 73,58507; 90,69236
Botuporã;135;53,19686;EMBASA;  10898;103,610; 44,151188;8,349515e+00;3,645875e-01; 5,540000; 81,5137307; 12,14000; 70,90480; 87,38898
Potiraguá;136;53,13793;EMBASA;   8438; 88,960; 37,822894;1,118681e+01;4,884799e-01; 5,070000; 83,0877428; 36,93000; 50,01054; 61,63715
São Francisco do Conde;137;53,02658;EMBASA;  40220; 86,760; 36,872570;1,283021e+01;5,602403e-01; 5,270000; 82,4179504; 42,54000; 45,28215; 55,80949
Santana;138;53,00612;EMBASA;  27492;101,690; 43,321814;0,000000e+00;0,000000e+00; 4,880000; 83,7240455; 24,93000; 60,12475; 74,10274
Caetité;139;52,97910;EMBASA;  52853; 77,370; 32,816415;2,996472e+00;1,308431e-01; 5,260000; 82,4514401; 11,58000; 71,37680; 87,97071
Lauro de Freitas;140;52,96919;EMBASA; 197636;102,400; 43,628510;2,108800e+02;9,208228e+00; 6,530000; 78,1982585; 56,15000; 33,81095; 41,67143
Piritiba;141;52,91725;EMBASA;  25211; 78,590; 33,343413;0,000000e+00;0,000000e+00; 4,810000; 83,9584729;  7,81000; 74,55434; 91,88698
Candiba;142;52,87861;EMBASA;  14792; 90,470; 38,475162;0,000000e+00;0,000000e+00; 4,720000; 84,2598794; 18,46000; 65,57799; 80,82377
Canarana;143;52,84072;EMBASA;  26862; 73,870; 31,304536;0,000000e+00;0,000000e+00; 4,270000; 85,7669123; 19,25000; 64,91214; 80,00312
Bom Jesus da Lapa;144;52,83330;Adm. pública municipal;  70618;117,350; 50,086393;6,222070e+00;2,716911e-01; 2,950000; 90,1875419; 68,24000; 23,62089; 29,11235
Terra Nova;145;52,77840;EMBASA;  13536; 68,960; 29,183585;0,000000e+00;0,000000e+00; 4,840000; 83,8580040; -5,26000; 85,57040;100,00000
Itagibá;146;52,75119;EMBASA;  15577; 85,740; 36,431965;0,000000e+00;0,000000e+00; 4,910000; 83,6235767; 19,43000; 64,76042; 79,81613
Barra do Choça;147;52,73535;EMBASA;  34121; 80,950; 34,362851;2,789090e+00;1,217876e-01; 6,090000; 79,6718017; 25,22000; 59,88032; 73,80149
Boninal;148;52,71737;EMBASA;  14760;124,160; 53,028078;0,000000e+00;0,000000e+00; 5,090000; 83,0207636; -3,43000; 84,02798;100,00000
Iguaí;149;52,64849;EMBASA;  27939;111,500; 47,559395;0,000000e+00;0,000000e+00; 4,820000; 83,9249833;  8,47000; 73,99806; 91,20137
Pojuca;150;52,63910;EMBASA;  39718;105,650; 45,032397;9,747363e+00;4,256256e-01; 5,280000; 82,3844608; 25,81000; 59,38304; 73,18860
Teodoro Sampaio;151;52,59170;EMBASA;   7936; 71,710; 30,371490;0,000000e+00;0,000000e+00; 4,450000; 85,1640991; 26,70000; 58,63290; 72,26407
Buerarema;152;52,58576;EMBASA;  19256; 88,050; 37,429806;0,000000e+00;0,000000e+00; 5,100000; 82,9872739; 21,22000; 63,25172; 77,95668
Taperoá;153;52,52677;Adm. pública municipal;  21462;109,590; 46,734341;1,286645e+00;5,618228e-02; 3,300000; 89,0154052;  7,96000; 74,42792; 91,73116
Teixeira de Freitas;154;52,50261;EMBASA; 161690; 96,850; 41,231102;1,882985e+01;8,222189e-01; 5,080000; 83,0542532; 26,78000; 58,56547; 72,18096
Contendas do Sincorá;155;52,48180;EMBASA;   4299; 87,140; 37,036717;4,142401e+01;1,808809e+00; 4,900000; 83,6570663; 19,85000; 64,40643; 79,37984
Pé de Serra;156;52,35835;EMBASA;  14226; 84,740; 36,000000;9,905903e+00;4,325483e-01; 4,750000; 84,1594106;  8,29000; 74,14978; 91,38836
Mata de São João;157;52,32724;EMBASA;  46998;119,380; 50,963283;3,936077e+01;1,718716e+00; 8,610000; 71,2324180; 51,51000; 37,72178; 46,49146
Ibicaraí;158;52,31145;Adm. pública municipal;  23529;  1,400;  0,000000;9,257026e+00;4,042146e-01; 0,020000;100,0000000; 23,71000; 61,15302; 75,37007
Catu;159;52,26522;Adm. pública municipal;  56459; 91,980; 39,127430;1,763928e-01;7,702316e-03; 3,360000; 88,8144675; 54,34000; 35,33651; 43,55166
Itagimirim;160;52,15253;EMBASA;   7291; 80,970; 34,371490;2,116829e+01;9,243286e-01; 4,940000; 83,5231078; 19,96000; 64,31371; 79,26557
Tapiramutá;161;52,06962;EMBASA;  17845; 43,445; 18,161987;2,987488e+01;1,304508e+00; 4,560000; 84,7957133;  2,92000; 78,67588; 96,96671
Antas;162;52,06275;EMBASA;  19569;105,580; 45,002160;0,000000e+00;0,000000e+00; 4,850000; 83,8245144;  9,80000; 72,87707; 89,81977
Madre de Deus;163;52,05858;EMBASA;  21007; 84,140; 35,740821;0,000000e+00;0,000000e+00; 6,210000; 79,2699263; 42,54000; 45,28215; 55,80949
Boa Nova;164;52,02374;EMBASA;  14069; 81,710; 34,691145;1,132773e+02;4,946335e+00; 4,640000; 84,5277964; 16,14000; 67,53340; 83,23378
América Dourada;165;51,98648;EMBASA;  16798; 54,580; 22,971922;0,000000e+00;0,000000e+00; 4,060000; 86,4701942; 18,92000; 65,19028; 80,34592
Tanquinho;166;51,98647;EMBASA;   8232; 76,310; 32,358531;0,000000e+00;0,000000e+00; 4,800000; 83,9919625; 42,92000; 44,96187; 55,41475
Caculé;167;51,97317;EMBASA;  23817; 52,035; 21,872570;6,769364e+01;2,955891e+00; 5,200000; 82,6523778; 19,65000; 64,57500; 79,58760
Camacan;168;51,92149;EMBASA;  33310; 92,870; 39,511879;9,296928e-01;4,059570e-02; 4,820000; 83,9249833; 16,50000; 67,22997; 82,85982
Planalto;169;51,86090;EMBASA;  26915; 89,350; 37,991361;2,299486e+01;1,004087e+00; 4,570000; 84,7622237; 18,58000; 65,47685; 80,69911
Ipupiara;170;51,80698;EMBASA;  10157; 79,530; 33,749460;0,000000e+00;0,000000e+00; 5,420000; 81,9156062; 18,09000; 65,88984; 81,20813
Tanque Novo;171;51,79103;EMBASA;  17884; 82,660; 35,101512;1,955453e-01;8,538624e-03; 4,180000; 86,0683188; 12,28000; 70,78680; 87,24355
Cardeal da Silva;172;51,76435;EMBASA;   9544; 97,460; 41,494600;0,000000e+00;0,000000e+00; 4,590000; 84,6952445; 27,33000; 58,10190; 71,60962
Antônio Gonçalves;173;51,69626;EMBASA;  12072; 62,460; 26,375810;0,000000e+00;0,000000e+00; 4,540000; 84,8626926; 11,30000; 71,61280; 88,26157
Mortugaba;174;51,58204;EMBASA;  12529; 91,760; 39,032397;5,314547e+00;2,320635e-01; 4,750000; 84,1594106;  5,85000; 76,20633; 93,92303
Caturama;175;51,56261;EMBASA;   9764; 86,800; 36,889849;0,000000e+00;0,000000e+00; 4,170000; 86,1018084; 12,50000; 70,60138; 87,01501
Elísio Medrado;176;51,53411;EMBASA;   8461; 77,100; 32,699784;0,000000e+00;0,000000e+00; 4,910000; 83,6235767;-16,48000; 95,02718;100,00000
Entre Rios;177;51,47437;EMBASA;  43223; 76,170; 32,298056;2,611701e+01;1,140418e+00; 5,240000; 82,5184193; 32,44000; 53,79494; 66,30136
Barra do Mendes;178;51,44031;EMBASA;  14560; 83,800; 35,593952;0,000000e+00;0,000000e+00; 4,670000; 84,4273275; 18,92000; 65,19028; 80,34592
Serra Dourada;179;51,37930;EMBASA;  18320; 97,250; 41,403888;0,000000e+00;0,000000e+00; 4,210000; 85,9678500; 24,93000; 60,12475; 74,10274
Gongogi;180;51,32728;EMBASA;   7848; 83,700; 35,550756;0,000000e+00;0,000000e+00; 4,950000; 83,4896182;  6,23000; 75,88605; 93,52828
Wanderley;181;51,30724;EMBASA;  12935; 92,330; 39,278618;0,000000e+00;0,000000e+00; 4,300000; 85,6664434; 19,18000; 64,97114; 80,07583
Catolândia;182;51,16922;EMBASA;   3669; 80,540; 34,185745;0,000000e+00;0,000000e+00; 3,820000; 87,2739451; 16,35000; 67,35640; 83,01564
Macaúbas;183;51,15403;EMBASA;  50987; 79,390; 33,688985;3,590977e+00;1,568026e-01; 3,669676; 87,7773746; 50,60213; 38,48698; 47,43455
Itaparica;184;51,10846;EMBASA;  22866; 49,680; 20,855292;8,670089e+01;3,785856e+00; 5,190000; 82,6858674; 39,06000; 48,21527; 59,42451
Camaçari;185;51,08167;EMBASA; 296893;105,040; 44,768898;4,801881e+01;2,096776e+00; 7,550000; 74,7823175; 56,21000; 33,76038; 41,60911
Conceição do Coité;186;51,07998;EMBASA;  68303; 80,240; 34,056156;2,158288e+01;9,424321e-01; 4,590000; 84,6952445; 33,02000; 53,30609; 65,69886
Ubatã;187;51,05623;EMBASA;  27527; 90,460; 38,470842;0,000000e+00;0,000000e+00; 4,930000; 83,5565975; 17,86000; 66,08370; 81,44705
Lamarão;188;51,02857;EMBASA;   9007; 88,790; 37,749460;0,000000e+00;0,000000e+00; 4,300000; 85,6664434; 34,68000; 51,90695; 63,97445
Canápolis;189;50,92191;EMBASA;  10151; 80,520; 34,177106;0,000000e+00;0,000000e+00; 3,930000; 86,9055593; 24,88000; 60,16689; 74,15468
Tabocas do Brejo Velho;190;50,84408;EMBASA;  13057; 46,260; 19,377970;0,000000e+00;0,000000e+00; 2,407951; 92,0028422; 39,89723; 47,50961; 58,55480
Euclides da Cunha;191;50,79942;EMBASA;  61924;106,630; 45,455724;8,174464e+00;3,569438e-01; 5,050000; 83,1547220; 37,37000; 49,63969; 61,18008
Capela do Alto Alegre;192;50,75733;EMBASA;  12199; 46,420; 19,447084;1,029160e+00;4,493899e-02; 5,170000; 82,7528466;  9,83000; 72,85179; 89,78861
Curaçá;193;50,72315;Adm. pública municipal;  35524;102,420; 43,637149;2,515192e+00;1,098277e-01; 1,930000; 93,6034829; 60,25000; 30,35527; 37,41236
Conceição da Feira;194;50,66576;EMBASA;  23024; 76,560; 32,466523;0,000000e+00;0,000000e+00; 4,750000; 84,1594106; 42,99000; 44,90287; 55,34203
Presidente Jânio Quadros;195;50,63933;EMBASA;  13334; 52,040; 21,874730;6,030366e+01;2,633202e+00; 4,580000; 84,7287341;-22,38000;100,00000;100,00000
Presidente Tancredo Neves;196;50,59586;EMBASA;  28082;107,230; 45,714903;0,000000e+00;0,000000e+00; 4,890000; 83,6905559; 17,67000; 66,24384; 81,64442
Alagoinhas;197;50,59139;Adm. pública municipal; 155979; 99,810; 42,509719;3,797272e+01;1,658106e+00; 3,620000; 87,9437374; 56,56000; 33,46539; 41,24553
Livramento de Nossa Senhora;198;50,57327;EMBASA;  46739;115,230; 49,170626;2,007630e+00;8,766459e-02; 5,070000; 83,0877428; 27,32000; 58,11033; 71,62001
Belmonte;199;50,53211;EMBASA;  24013; 77,140; 32,717063;3,072314e+01;1,341548e+00; 5,200000; 82,6523778; 17,07000; 66,74955; 82,26770
Ibiassucê;200;50,48798;EMBASA;  10183; 76,440; 32,414687;0,000000e+00;0,000000e+00; 5,590000; 81,3462827; 29,92000; 55,91892; 68,91913
Cafarnaum;201;50,41914;EMBASA;  19006; 80,860; 34,323974;0,000000e+00;0,000000e+00; 4,390000; 85,3650368; 18,77000; 65,31670; 80,50174
Salvador;202;50,33508;EMBASA;2953986;109,350; 46,630670;5,117627e+01;2,234649e+00; 6,600000; 77,9638312; 56,12000; 33,83624; 41,70260
Piripá;203;50,27650;EMBASA;  11849; 85,240; 36,215983;4,880004e+00;2,130888e-01; 4,450000; 85,1640991;  7,46000; 74,84934; 92,25056
Iuiú;204;50,25806;EMBASA;  11399;100,950; 43,002160;0,000000e+00;0,000000e+00; 4,320000; 85,5994642; 17,51000; 66,37870; 81,81063
Dário Meira;205;50,25546;EMBASA;  11716;111,180; 47,421166;0,000000e+00;0,000000e+00; 5,000000; 83,3221701; 13,28000; 69,94395; 86,20475
Andorinha;206;50,24214;EMBASA;  15490; 65,730; 27,788337;0,000000e+00;0,000000e+00; 5,100000; 82,9872739; 10,36000; 72,40508; 89,23804
Retirolândia;207;50,19980;EMBASA;  14730; 79,860; 33,892009;0,000000e+00;0,000000e+00; 4,410000; 85,2980576; 32,72000; 53,55894; 66,01050
Itanhém;208;50,18502;EMBASA;  20501; 50,845; 21,358531;8,611006e-01;3,760057e-02; 4,740000; 84,1929002;  7,63000; 74,70606; 92,07396
Cabaceiras do Paraguaçu;209;50,16359;EMBASA;  19312; 75,710; 32,099352;0,000000e+00;0,000000e+00; 4,190000; 86,0348292; 27,66000; 57,82376; 71,26682
Conde;210;50,10299;EMBASA;  26371; 75,580; 32,043197;6,949384e+00;3,034498e-01; 4,920000; 83,5900871; 30,87000; 55,11821; 67,93227
Nova Viçosa;211;50,08317;EMBASA;  44052; 86,620; 36,812095;2,468576e+00;1,077922e-01; 4,820000; 83,9249833; 17,27000; 66,58098; 82,05994
Ituaçu;212;50,02971;EMBASA;  19577;133,580; 57,097192;0,000000e+00;0,000000e+00; 5,110000; 82,9537843; 18,33000; 65,68756; 80,95881
Santa Luzia;213;50,02932;EMBASA;  13398; 79,790; 33,861771;8,748062e+00;3,819904e-01; 4,640000; 84,5277964;  4,76000; 77,12504; 95,05532
Arataca;214;49,98868;EMBASA;  11661; 94,590; 40,254860;0,000000e+00;0,000000e+00; 4,640000; 84,5277964;  6,26000; 75,86076; 93,49712
Una;215;49,94245;EMBASA;  21331; 87,450; 37,170626;0,000000e+00;0,000000e+00; 4,790000; 84,0254521; 25,83000; 59,36618; 73,16782
Baixa Grande;216;49,93827;EMBASA;  21403; 77,000; 32,656587;1,056452e+02;4,613073e+00; 4,490000; 85,0301407; 18,61000; 65,45156; 80,66795
Itapicuru;217;49,90631;EMBASA;  36211;110,110; 46,958963;1,453728e+00;6,347809e-02; 4,310000; 85,6329538; 21,63000; 62,90615; 77,53078
Andaraí;218;49,89950;EMBASA;  13737; 70,980; 30,056156;0,000000e+00;0,000000e+00; 4,940000; 83,5231078; 11,78000; 71,20823; 87,76295
Jandaíra;219;49,81725;EMBASA;  11120; 77,510; 32,876890;6,687163e+00;2,919998e-01; 4,180000; 86,0683188;  6,44000; 75,70905; 93,31013
Tucano;220;49,79000;EMBASA;  52540;111,750; 47,667387;1,608958e+00;7,025629e-02; 4,670000; 84,4273275; 25,25000; 59,85503; 73,77032
Vereda;221;49,78523;EMBASA;   6620; 87,760; 37,304536;0,000000e+00;0,000000e+00; 4,960000; 83,4561286;  6,29000; 75,83548; 93,46595
Boa Vista do Tupim;222;49,74822;EMBASA;  19502; 39,930; 16,643629;4,616749e+00;2,015936e-01; 4,660000; 84,4608171;  6,86000; 75,35505; 92,87384
Nova Ibiá;223;49,74426;EMBASA;   6986;115,250; 49,179266;0,000000e+00;0,000000e+00; 4,640000; 84,5277964; 10,10000; 72,62422; 89,50813
Santo Estêvão;224;49,74150;EMBASA;  53898; 75,060; 31,818575;0,000000e+00;0,000000e+00; 4,800000; 83,9919625; 37,48000; 49,54697; 61,06581
Itaquara;225;49,70868;EMBASA;   8592; 76,600; 32,483801;0,000000e+00;0,000000e+00; 4,760000; 84,1259210; 14,36000; 69,03367; 85,08285
Jussiape;226;49,69062;EMBASA;   7066; 93,730; 39,883369;0,000000e+00;0,000000e+00; 4,970000; 83,4226390; 10,50000; 72,28708; 89,09261
Apuarema;227;49,68922;EMBASA;   7730; 85,620; 36,380130;0,000000e+00;0,000000e+00; 4,660000; 84,4608171; 22,96000; 61,78516; 76,14917
Ituberá;228;49,62098;EMBASA;  29428;100,630; 42,863931;0,000000e+00;0,000000e+00; 4,830000; 83,8914936; 25,66000; 59,50946; 73,34442
São Gonçalo dos Campos;229;49,59854;EMBASA;  38018; 91,210; 38,794816;0,000000e+00;0,000000e+00; 5,120000; 82,9202947; 43,02000; 44,87758; 55,31087
Ibipitanga;230;49,54163;EMBASA;  15413; 92,240; 39,239741;3,692631e+01;1,612414e+00; 4,580000; 84,7287341; 16,61000; 67,13726; 82,74555
Crisópolis;231;49,53835;EMBASA;  21835;104,630; 44,591793;0,000000e+00;0,000000e+00; 4,740000; 84,1929002;  8,40000; 74,05706; 91,27409
Souto Soares;232;49,47093;EMBASA;  17503;108,990; 46,475162;0,000000e+00;0,000000e+00; 4,790000; 84,0254521; 23,08000; 61,68402; 76,02452
Casa Nova;233;49,43398;Adm. pública municipal;  73382;111,330; 47,485961;3,116909e-01;1,361020e-02; 1,360000; 95,5123912; 71,53000; 20,84791; 25,69470
Ourolândia;234;49,41131;EMBASA;  18025;102,520; 43,680346;0,000000e+00;0,000000e+00; 4,640000; 84,5277964; 19,99000; 64,28843; 79,23441
Itamari;235;49,40441;EMBASA;   8476; 72,430; 30,682505;0,000000e+00;0,000000e+00; 4,380000; 85,3985265; 19,37000; 64,81099; 79,87846
Pintadas;236;49,40239;EMBASA;  11012; 46,695; 19,565875;6,179450e+00;2,698301e-01; 5,120000; 82,9202947;  9,92000; 72,77593; 89,69511
Esplanada;237;49,09075;EMBASA;  37845; 97,940; 41,701944;6,853750e-03;2,992739e-04; 6,650000; 77,7963831; 37,15000; 49,82511; 61,40862
Macajuba;238;49,07335;EMBASA;  11879; 37,870; 15,753780;6,863625e+01;2,997051e+00; 4,220000; 85,9343603; 18,61000; 65,45156; 80,66795
Milagres;239;49,06360;EMBASA;  11585; 26,730; 10,941685;0,000000e+00;0,000000e+00; 5,020000; 83,2551909; 21,28000; 63,20115; 77,89436
Conceição do Almeida;240;49,05740;EMBASA;  18229; 93,260; 39,680346;0,000000e+00;0,000000e+00; 4,810000; 83,9584729; 24,57000; 60,42817; 74,47671
Olindina;241;48,86016;EMBASA;  29227;133,280; 56,967603;0,000000e+00;0,000000e+00; 4,870000; 83,7575352; 33,59000; 52,82566; 65,10674
Jaguaripe;242;48,79063;EMBASA;  19036; 96,880; 41,244060;1,392617e+01;6,080962e-01; 4,800000; 83,9919625; 25,53000; 59,61903; 73,47946
Cachoeira;243;48,54391;EMBASA;  35139; 82,480; 35,023758;4,911951e+01;2,144839e+00; 4,870000; 83,7575352; 36,63000; 50,26339; 61,94879
Glória;244;48,52257;EMBASA;  15840;112,740; 48,095032;0,000000e+00;0,000000e+00; 7,090000; 76,3228399; 39,44000; 47,89499; 59,02977
Mundo Novo;245;48,51241;EMBASA;  27364; 68,030; 28,781857;0,000000e+00;0,000000e+00; 4,580000; 84,7287341;  6,01000; 76,07148; 93,75682
Valença;246;48,50827;Adm. pública municipal;  98749; 98,220; 41,822894;3,566296e+00;1,557249e-01; 5,390000; 82,0160750; 57,65000; 32,54668; 40,11324
Lafaiete Coutinho;247;48,44942;EMBASA;   3975; 26,005; 10,628510;4,992828e+01;2,180154e+00; 5,030000; 83,2217013;  3,88000; 77,86675; 95,96946
Bom Jesus da Serra;248;48,38491;EMBASA;  10477;100,850; 42,958963;0,000000e+00;0,000000e+00; 4,940000; 83,5231078;  8,88000; 73,65249; 90,77546
Saúde;249;48,36466;EMBASA;  13385; 87,080; 37,010799;0,000000e+00;0,000000e+00; 6,330000; 78,8680509; 25,31000; 59,80446; 73,70800
Riachão das Neves;250;48,32104;EMBASA;  23313;105,270; 44,868251;0,000000e+00;0,000000e+00; 5,040000; 83,1882117;  6,12000; 75,97876; 93,64255
Licínio de Almeida;251;48,30834;EMBASA;  12969; 55,950; 23,563715;0,000000e+00;0,000000e+00; 4,650000; 84,4943068; -4,03000; 84,53369;100,00000
Itaju do Colônia;252;48,22847;EMBASA;   7218; 40,240; 16,777538;0,000000e+00;0,000000e+00; 4,620000; 84,5947756; 27,70000; 57,79005; 71,22527
Muniz Ferreira;253;48,11921;EMBASA;   7678; 70,050; 29,654428;0,000000e+00;0,000000e+00; 4,490000; 85,0301407;  8,81000; 73,71149; 90,84818
Maetinga;254;48,04627;EMBASA;   4456; 65,370; 27,632829;7,268661e+00;3,173913e-01;10,760000; 64,0321500; 39,02000; 48,24898; 59,46606
Cravolândia;255;48,01632;EMBASA;   5576; 54,630; 22,993521;0,000000e+00;0,000000e+00; 4,400000; 85,3315472; 16,16000; 67,51654; 83,21301
Cristópolis;256;47,93934;EMBASA;  14403;114,200; 48,725702;0,000000e+00;0,000000e+00; 4,320000; 85,5994642; 12,31000; 70,76152; 87,21238
Anguera;257;47,91768;EMBASA;  11481; 62,040; 26,194384;0,000000e+00;0,000000e+00; 4,790000; 84,0254521; 37,49000; 49,53854; 61,05542
Ibirapitanga;258;47,90705;EMBASA;  24293; 93,160; 39,637149;0,000000e+00;0,000000e+00; 4,720000; 84,2598794; 32,27000; 53,93822; 66,47795
Quijingue;259;47,88111;EMBASA;  28632; 94,810; 40,349892;0,000000e+00;0,000000e+00; 5,970000; 80,0736772; 38,53000; 48,66198; 59,97507
Jucuruçu;260;47,79883;EMBASA;   9924; 96,480; 41,071274;3,526414e+01;1,539834e+00; 5,070000; 83,0877428;  1,58000; 79,80530; 98,35870
São Sebastião do Passé;261;47,79743;EMBASA;  45827; 71,870; 30,440605;0,000000e+00;0,000000e+00; 4,600000; 84,6617549; 34,03000; 52,45481; 64,64967
Mulungu do Morro;262;47,74645;EMBASA;  11988; 45,720; 19,144708;0,000000e+00;0,000000e+00; 4,260000; 85,8004019; 23,10000; 61,66716; 76,00374
Itanagra;263;47,67526;EMBASA;   6730; 69,090; 29,239741;0,000000e+00;0,000000e+00; 4,480000; 85,0636303; 12,51000; 70,59295; 87,00462
Itaeté;264;47,63173;EMBASA;  16586; 76,740; 32,544276;0,000000e+00;0,000000e+00; 4,910000; 83,6235767; 14,66000; 68,78082; 84,77121
Mutuípe;265;47,62539;EMBASA;  22998;103,900; 44,276458;0,000000e+00;0,000000e+00; 4,750000; 84,1594106; 29,17000; 56,55106; 69,69823
São Desidério;266;47,62361;EMBASA;  33661;129,340; 55,265659;1,734384e+01;7,573313e-01; 5,460000; 81,7816477; 21,04000; 63,40343; 78,14367
Abaré;267;47,56098;EMBASA;  20189; 89,600; 38,099352;0,000000e+00;0,000000e+00; 4,160000; 86,1352981; 36,61000; 50,28025; 61,96957
Santo Amaro;268;47,54920;EMBASA;  61961; 57,580; 24,267819;2,173541e+01;9,490923e-01; 6,420000; 78,5666443; 40,76000; 46,78242; 57,65855
Caraíbas;269;47,54489;EMBASA;   9773; 92,610; 39,399568;0,000000e+00;0,000000e+00; 4,630000; 84,5612860;  5,26000; 76,70361; 94,53592
Candeias;270;47,43674;EMBASA;  89707;232,260; 99,723542;7,147070e+01;3,120819e+00;29,640000;  0,8037508; 43,58000; 44,40558; 54,72914
Uauá;271;47,40593;EMBASA;  25773; 82,760; 35,144708;0,000000e+00;0,000000e+00; 4,670000; 84,4273275; 28,13000; 57,42762; 70,77858
Araci;272;47,37907;EMBASA;  55935; 54,695; 23,021598;0,000000e+00;0,000000e+00; 4,790000; 84,0254521;  1,09000; 80,21830; 98,86771
Brejões;273;47,28615;EMBASA;  15122; 32,555; 13,457883;1,988559e+01;8,683187e-01; 5,100000; 82,9872739; 18,71000; 65,36728; 80,56407
Campo Formoso;274;47,25614;EMBASA;  73448; 91,980; 39,127430;7,590914e+00;3,314627e-01; 4,680000; 84,3938379; 15,66000; 67,93797; 83,73241
Palmas de Monte Alto;275;47,22394;EMBASA;  22553; 83,980; 35,671706;0,000000e+00;0,000000e+00; 4,840000; 83,8580040; 15,80000; 67,81997; 83,58698
Itiúba;276;47,18280;EMBASA;  37567; 93,420; 39,749460;5,518648e+00;2,409757e-01; 4,880000; 83,7240455; 15,67000; 67,92954; 83,72202
Água Fria;277;47,16451;EMBASA;  17508;100,710; 42,898488;0,000000e+00;0,000000e+00; 4,460000; 85,1306095; 24,54000; 60,45346; 74,50787
Guajeru;278;47,12721;EMBASA;   8081; 49,630; 20,833693;0,000000e+00;0,000000e+00; 4,810000; 83,9584729; -0,72000; 81,74386;100,00000
Muquém de São Francisco;279;47,12092;EMBASA;  11644; 93,670; 39,857451;0,000000e+00;0,000000e+00; 4,390000; 85,3650368; 18,55000; 65,50213; 80,73028
Caém;280;47,06249;EMBASA;  10058; 64,070; 27,071274;0,000000e+00;0,000000e+00; 4,180000; 86,0683188; 42,29000; 45,49286; 56,06919
Candeal;281;47,00753;EMBASA;   8837; 69,530; 29,429806;0,000000e+00;0,000000e+00; 4,170000; 86,1018084; 28,82000; 56,84606; 70,06181
Camamu;282;46,98738;EMBASA;  36644;104,780; 44,656587;4,464723e+00;1,949553e-01; 4,890000; 83,6905559; 34,73000; 51,86481; 63,92251
Aratuípe;283;46,97080;EMBASA;   9171; 80,720; 34,263499;0,000000e+00;0,000000e+00; 4,840000; 83,8580040; 28,67000; 56,97248; 70,21763
Bonito;284;46,95411;EMBASA;  17131; 82,120; 34,868251;8,884889e+00;3,879650e-01; 4,730000; 84,2263898;  9,36000; 73,24793; 90,27684
São Felipe;285;46,94292;EMBASA;  21964; 41,640; 17,382289;0,000000e+00;0,000000e+00; 2,900000; 90,3549900;  3,12000; 78,50731; 96,75895
Irajuba;286;46,92970;EMBASA;   7521; 50,070; 21,023758;0,000000e+00;0,000000e+00; 4,430000; 85,2310784; 12,26000; 70,80366; 87,26432
Malhada de Pedras;287;46,92385;EMBASA;   8856; 81,540; 34,617711;0,000000e+00;0,000000e+00; 4,890000; 83,6905559; 15,17000; 68,35097; 84,24142
Barro Alto;288;46,90583;EMBASA;  15217; 67,440; 28,526998;0,000000e+00;0,000000e+00; 4,280000; 85,7334226; 18,91000; 65,19870; 80,35631
Canudos;289;46,83253;EMBASA;  17316; 60,030; 25,326134;0,000000e+00;0,000000e+00; 4,860000; 83,7910248; 26,08000; 59,15547; 72,90812
Ubaíra;290;46,82338;EMBASA;  20800; 84,060; 35,706263;0,000000e+00;0,000000e+00; 4,500000; 84,9966510; 19,58000; 64,63400; 79,66031
Iramaia;291;46,82260;EMBASA;   9901; 55,640; 23,429806;1,271999e+01;5,554273e-01; 4,670000; 84,4273275; 21,53000; 62,99044; 77,63466
Simões Filho;292;46,81311;EMBASA; 136050;102,850; 43,822894;4,717764e+01;2,060046e+00; 7,680000; 74,3469524; 56,18000; 33,78567; 41,64027
Mucuri;293;46,78684;EMBASA;  42072; 76,860; 32,596112;1,669776e+00;7,291196e-02; 5,040000; 83,1882117; 13,49000; 69,76695; 85,98660
Irará;294;46,78555;EMBASA;  29879; 46,280; 19,386609;5,583048e+01;2,437878e+00; 4,760000; 84,1259210; 61,23228; 29,52736; 36,39197
Aracatu;295;46,76346;EMBASA;  13962; 87,150; 37,041037;7,574494e+01;3,307457e+00; 5,040000; 83,1882117; 20,64000; 63,74057; 78,55919
Mirante;296;46,69579;EMBASA;   9578; 75,510; 32,012959;0,000000e+00;0,000000e+00; 4,740000; 84,1929002; -7,47000; 87,43310;100,00000
Mansidão;297;46,66883;EMBASA;  13959; 72,220; 30,591793;5,718768e+01;2,497141e+00; 4,500000; 84,9966510; 19,80000; 64,44857; 79,43178
Itiruçu;298;46,62819;EMBASA;  13254; 35,915; 14,909287;2,046933e+01;8,938081e-01; 4,850000; 83,8245144; 26,13000; 59,11332; 72,85618
Malhada;299;46,55057;EMBASA;  17526; 65,750; 27,796976;3,080327e-01;1,345047e-02; 4,980000; 83,3891494; 17,03000; 66,78326; 82,30925
Palmeiras;300;46,53723;EMBASA;   9250; 45,040; 18,850972;0,000000e+00;0,000000e+00; 4,590000; 84,6952445; 13,00000; 70,17995; 86,49561
Rio do Pires;301;46,39164;EMBASA;  12130; 68,540; 29,002160;0,000000e+00;0,000000e+00; 4,740000; 84,1929002; 16,52000; 67,21312; 82,83904
Ouriçangas;302;46,35782;EMBASA;   8916; 74,040; 31,377970;0,000000e+00;0,000000e+00; 4,560000; 84,7957133; 40,27000; 47,19542; 58,16756
Cordeiros;303;46,35012;EMBASA;   8904;130,330; 55,693305;0,000000e+00;0,000000e+00; 8,050000; 73,1078366; 45,45000; 42,82945; 52,78658
Ribeirão do Largo;304;46,33920;EMBASA;   7437;155,980; 66,773218;0,000000e+00;0,000000e+00; 3,530000; 88,2451440; 12,54000; 70,56766; 86,97346
Aiquara;305;46,25433;EMBASA;   4725; 57,190; 24,099352;0,000000e+00;0,000000e+00; 4,840000; 83,8580040; 20,60000; 63,77429; 78,60074
Matina;306;46,17806;EMBASA;  12488; 89,230; 37,939525;0,000000e+00;0,000000e+00; 4,850000; 83,8245144; 17,94000; 66,01627; 81,36395
Planaltino;307;46,07401;EMBASA;   9582; 50,350; 21,144708;0,000000e+00;0,000000e+00; 4,370000; 85,4320161;  2,84000; 78,74331; 97,04981
Laje;308;46,06591;EMBASA;  24306;109,590; 46,734341;9,572349e+01;4,179834e+00; 5,420000; 81,9156062;  8,29000; 74,14978; 91,38836
Novo Triunfo;309;46,05095;EMBASA;  16037; 46,735; 19,583153;9,590377e+00;4,187707e-01; 4,220000; 85,9343603;  5,10000; 76,83847; 94,70212
Antônio Cardoso;310;46,02834;EMBASA;  12208; 72,130; 30,552916;9,943338e+01;4,341830e+00; 4,960000; 83,4561286; 14,66000; 68,78082; 84,77121
Brotas de Macaúbas;311;45,97369;EMBASA;  10974; 44,130; 18,457883;6,464285e+00;2,822676e-01; 4,760000; 84,1259210; -9,32000; 88,99237;100,00000
Santa Rita de Cássia;312;45,96791;Adm. pública municipal;  29146; 84,060; 35,706263;5,835728e+00;2,548212e-01; 1,910000; 93,6704622; 45,25000; 42,99802; 52,99434
Santa Brígida;313;45,94128;EMBASA;  14976; 77,720; 32,967603;0,000000e+00;0,000000e+00; 4,450000; 85,1640991; 40,52000; 46,98471; 57,90786
Jacaraci;314;45,90411;EMBASA;  15459; 96,690; 41,161987;5,746831e+01;2,509395e+00; 4,780000; 84,0589417;  9,82000; 72,86022; 89,79899
Ichu;315;45,78644;EMBASA;   6437; 63,000; 26,609071;4,318026e+01;1,885497e+00; 7,800000; 73,9450770; 39,87000; 47,53256; 58,58308
Cansanção;316;45,78292;EMBASA;  36191; 79,780; 33,857451;0,000000e+00;0,000000e+00; 7,840000; 73,8111186; 44,41000; 43,70602; 53,86693
Piraí do Norte;317;45,73621;EMBASA;  10411;101,100; 43,066955;0,000000e+00;0,000000e+00; 4,940000; 83,5231078; 19,37000; 64,81099; 79,87846
Iraquara;318;45,70570;EMBASA;  25536; 99,870; 42,535637;0,000000e+00;0,000000e+00; 4,600000; 84,6617549; 15,68000; 67,92111; 83,71163
Santa Bárbara;319;45,67084;EMBASA;  21415; 66,800; 28,250540;3,914974e+00;1,709501e-01; 4,210000; 85,9678500; 42,43000; 45,37486; 55,92376
Lajedinho;320;45,65180;EMBASA;   4017; 44,360; 18,557235;0,000000e+00;0,000000e+00; 4,310000; 85,6329538; 37,11000; 49,85883; 61,45017
Adustina;321;45,64238;EMBASA;  17349;102,070; 43,485961;0,000000e+00;0,000000e+00; 5,510000; 81,6141996; 45,21000; 43,03174; 53,03590
Coração de Maria;322;45,63103;EMBASA;  23896; 63,760; 26,937365;4,154439e+01;1,814066e+00; 4,110000; 86,3027461; 17,27000; 66,58098; 82,05994
São Miguel das Matas;323;45,62751;EMBASA;  12092; 88,650; 37,688985;0,000000e+00;0,000000e+00; 4,630000; 84,5612860; 16,61000; 67,13726; 82,74555
Encruzilhada;324;45,51183;EMBASA;  19376; 69,350; 29,352052;0,000000e+00;0,000000e+00; 4,100000; 86,3362358;  2,57000; 78,97088; 97,33029
Inhambupe;325;45,44666;EMBASA;  40453; 74,935; 31,764579;0,000000e+00;0,000000e+00; 4,690000; 84,3603483; 34,88000; 51,73838; 63,76669
Rio de Contas;326;45,43189;EMBASA;  13712; 68,880; 29,149028;1,022203e-01;4,463521e-03; 4,990000; 83,3556597; 25,92000; 59,29032; 73,07433
Carinhanha;327;45,42227;Adm. pública municipal;  30118; 50,440; 21,183585;3,148179e+00;1,374675e-01; 2,030000; 93,2685867; 41,01000; 46,57171; 57,39885
Wenceslau Guimarães;328;45,42215;EMBASA;  22365; 86,720; 36,855292;0,000000e+00;0,000000e+00; 4,780000; 84,0589417; 30,35000; 55,55650; 68,47245
Varzedo;329;45,33565;EMBASA;   9375; 76,970; 32,643629;0,000000e+00;0,000000e+00; 3,870000; 87,1064970; 19,67000; 64,55814; 79,56682
Cícero Dantas;330;45,33072;EMBASA;  34676; 50,200; 21,079914;3,696491e+01;1,614099e+00; 5,350000; 82,1500335; 36,16000; 50,65953; 62,43703
Belo Campo;331;45,29494;EMBASA;  18247; 52,740; 22,177106;0,000000e+00;0,000000e+00; 3,950000; 86,8385800;  1,54000; 79,83902; 98,40025
Baianópolis;332;45,03104;EMBASA;  14323;112,780; 48,112311;0,000000e+00;0,000000e+00; 5,790000; 80,6764903; 16,35000; 67,35640; 83,01564
Tremedal;333;44,80618;EMBASA;  17700;107,650; 45,896328;0,000000e+00;0,000000e+00; 5,380000; 82,0495646; 18,95000; 65,16499; 80,31476
Anagé;334;44,79647;EMBASA;  19568;108,810; 46,397408;0,000000e+00;0,000000e+00; 5,250000; 82,4849297; 23,50000; 61,33002; 75,58822
Nova Canaã;335;44,71938;EMBASA;  17141; 78,135; 33,146868;0,000000e+00;0,000000e+00; 4,790000; 84,0254521; 22,32000; 62,32458; 76,81401
Rafael Jambeiro;336;44,63717;EMBASA;  23562; 35,995; 14,943844;1,617647e+00;7,063572e-02; 4,820000; 83,9249833; 12,85000; 70,30638; 86,65143
Maragogipe;337;44,57791;EMBASA;  46260; 58,650; 24,730022;1,046403e+00;4,569195e-02; 4,650000; 84,4943068; 33,36000; 53,01952; 65,34566
Ipecaetá;338;44,56751;EMBASA;  15499; 69,880; 29,580994;0,000000e+00;0,000000e+00; 4,840000; 83,8580040; 37,49000; 49,53854; 61,05542
Serra Preta;339;44,54046;EMBASA;  16036; 63,830; 26,967603;0,000000e+00;0,000000e+00; 5,070000; 83,0877428; 37,48000; 49,54697; 61,06581
Aramari;340;44,35188;EMBASA;  11703; 78,950; 33,498920;8,065708e+00;3,521949e-01; 4,460000; 85,1306095; 37,93000; 49,16769; 60,59835
Ibitiara;341;44,25936;EMBASA;  16855; 71,220; 30,159827;0,000000e+00;0,000000e+00; 4,890000; 83,6905559; -4,84000; 85,21640;100,00000
Ibicoara;342;44,15004;EMBASA;  19786; 85,900; 36,501080;0,000000e+00;0,000000e+00; 4,850000; 83,8245144;  3,93000; 77,82460; 95,91752
Fátima;343;44,13210;EMBASA;  18443; 36,685; 15,241901;0,000000e+00;0,000000e+00; 9,180000; 69,3235097; 53,44000; 36,09508; 44,48658
Itacaré;344;44,12956;EMBASA;  28382; 46,040; 19,282937;4,677252e+00;2,042356e-01; 6,100000; 79,6383121; 52,20935; 37,13233; 45,76498
Pindaí;345;44,01958;EMBASA;  16889;100,370; 42,751620;1,432740e+01;6,256161e-01; 5,080000; 83,0542532; 18,45000; 65,58642; 80,83416
Gentio do Ouro;346;43,89832;EMBASA;  11639;108,850; 46,414687;0,000000e+00;0,000000e+00; 4,680000; 84,3938379; 31,41000; 54,66307; 67,37132
Umburanas;347;43,64601;EMBASA;  19522; 89,880; 38,220302;0,000000e+00;0,000000e+00; 4,930000; 83,5565975; 39,81000; 47,58313; 58,64541
Nordestina;348;43,46084;EMBASA;  13597; 85,180; 36,190065;0,000000e+00;0,000000e+00; 7,630000; 74,5144005; 44,37000; 43,73973; 53,90849
Teolândia;349;43,37103;EMBASA;  15357; 50,445; 21,185745;8,909825e+00;3,890539e-01; 4,560000; 84,7957133;  9,53000; 73,10464; 90,10025
Igrapiúna;350;43,36057;EMBASA;  14187; 85,240; 36,215983;1,564754e+01;6,832612e-01; 4,910000; 83,6235767; 22,10000; 62,51001; 77,04254
Lagoa Real;351;43,35259;EMBASA;  16029; 78,060; 33,114471;0,000000e+00;0,000000e+00; 5,570000; 81,4132619;  8,77000; 73,74521; 90,88973
Santa Cruz da Vitória;352;43,04522;EMBASA;   6698;124,960; 53,373650;0,000000e+00;0,000000e+00;19,960000; 33,2217013; 49,34000; 39,55077; 48,74566
Sátiro Dias;353;42,98453;EMBASA;  20429; 90,310; 38,406048;4,784988e-01;2,089399e-02; 4,860000; 83,7910248; 34,22000; 52,29466; 64,45230
Brejolândia;354;42,86792;EMBASA;  10833; 88,990; 37,835853;0,000000e+00;0,000000e+00; 4,650000; 84,4943068; 24,96000; 60,09946; 74,07158
Santanópolis;355;42,76923;EMBASA;   9263; 55,970; 23,572354;2,495490e+02;1,089674e+01; 3,590000; 88,0442063; 42,99000; 44,90287; 55,34203
Itaguaçu da Bahia;356;42,10381;EMBASA;  14718; 43,870; 18,345572;6,098402e+01;2,662911e+00; 4,930000; 83,5565975; 18,88000; 65,22399; 80,38747
Pedro Alexandre;357;42,08241;EMBASA;  18209; 73,800; 31,274298;1,579895e+01;6,898726e-01; 4,720000; 84,2598794; 23,36000; 61,44802; 75,73365
Jeremoabo;358;42,00683;EMBASA;  41605; 58,915; 24,844492;6,810737e+00;2,973957e-01; 7,270000; 75,7200268; 32,55000; 53,70222; 66,18709
Oliveira dos Brejinhos;359;41,92891;Adm. pública municipal;  22805;109,920; 46,876890;3,054869e+00;1,333931e-01; 0,550000; 98,2250502; 55,63000; 34,24924; 42,21161
Dias d Ávila;360;41,63617;EMBASA;  80657; 56,290; 23,710583;0,000000e+00;0,000000e+00; 4,890000; 83,6905559; 64,86000; 26,46973; 32,62349
Caetanos;361;41,33845;EMBASA;  16106; 81,760; 34,712743;0,000000e+00;0,000000e+00; 4,550000; 84,8292029; 23,12000; 61,65030; 75,98297
Nilo Peçanha;362;41,20953;EMBASA;  14368; 56,165; 23,656587;1,039960e+00;4,541059e-02; 5,140000; 82,8533155;  8,37000; 74,08235; 91,30525
Banzaê;363;40,88570;EMBASA;  13765; 57,595; 24,274298;3,171484e+00;1,384851e-01; 5,090000; 83,0207636; 33,84000; 52,61495; 64,84704
Mirangaba;364;40,86979;EMBASA;  18729; 86,010; 36,548596;0,000000e+00;0,000000e+00; 4,260000; 85,8004019; 34,19000; 52,31995; 64,48346
Maraú;365;40,19943;EMBASA;  21313; 64,200; 27,127430;0,000000e+00;0,000000e+00; 4,690000; 84,3603483; 10,26000; 72,48936; 89,34192
Ribeira do Amparo;366;40,12057;EMBASA;  15443;146,610; 62,725702;0,000000e+00;0,000000e+00; 5,820000; 80,5760214; 41,77000; 45,93114; 56,60936
Amélia Rodrigues;367;39,45008;EMBASA;  26409; 49,620; 20,829374;7,003780e+01;3,058251e+00; 9,990000; 66,6108506; 54,12000; 35,52194; 43,78020
Mairi;368;39,23593;EMBASA;  19695; 58,510; 24,669546;6,340190e+02;2,768489e+01;15,200000; 49,1627595; 47,06000; 41,47246; 51,11412
Barra da Estiva;369;38,38421;EMBASA;  22082; 17,430;  6,924406;0,000000e+00;0,000000e+00; 4,500000; 84,9966510; 96,26501;  0,00000;  0,00000
Paripiranga;370;38,19228;EMBASA;  30075; 62,590; 26,431965;0,000000e+00;0,000000e+00;13,020000; 56,4634963; 55,80000; 34,10595; 42,03501
Monte Santo;371;38,02976;EMBASA;  51953; 79,760; 33,848812;0,000000e+00;0,000000e+00; 7,770000; 74,0455459; 44,40000; 43,71445; 53,87732
Heliópolis;372;37,49809;EMBASA;  13718; 59,620; 25,149028;0,000000e+00;0,000000e+00;12,040000; 59,7454789; 55,80000; 34,10595; 42,03501
Pedrão;373;37,04056;EMBASA;   7527; 31,200; 12,872570;0,000000e+00;0,000000e+00; 4,730000; 84,2263898; 37,46000; 49,56383; 61,08659
Tanhaçu;374;36,52973;EMBASA;  21315; 22,505;  9,116631;3,632669e+01;1,586231e+00; 4,560000; 84,7957133; 55,89000; 34,03010; 41,94152
Conceição do Jacuípe;375;35,05704;EMBASA;  33876; 69,440; 29,390929;0,000000e+00;0,000000e+00;11,850000; 60,3817816; 53,36000; 36,16251; 44,56968
Aporá;376;33,82943;EMBASA;  18334; 99,780; 42,496760;0,000000e+00;0,000000e+00;29,690000;  0,6363027; 58,27000; 32,02411; 39,46918
Acajutiba;377;33,53186;EMBASA;  15727; 90,070; 38,302376;2,431759e+01;1,061845e+00;29,390000;  1,6409913; 58,27000; 32,02411; 39,46918
Serrinha;378;32,66381;EMBASA;  83088; 72,950; 30,907127;3,397411e+01;1,483504e+00;29,880000;  0,0000000; 59,57000; 30,92841; 38,11874
Barrocas;379;32,28227;EMBASA;  16296; 86,260; 36,656587;0,000000e+00;0,000000e+00;29,540000;  1,1386470; 59,81000; 30,72612; 37,86943
Condeúba;380;30,89212;EMBASA;  18191;107,580; 45,866091;0,000000e+00;0,000000e+00;25,480000; 14,7354320; 49,52000; 39,39905; 48,55867
Teofilândia;381;28,76706;EMBASA;  23378; 37,890; 15,762419;1,318625e+01;5,757870e-01;29,220000;  2,2103148; 53,96000; 35,65680; 43,94640
Jaguarari;382;27,29103;EMBASA;  34499; 86,400; 36,717063;0,000000e+00;0,000000e+00;29,230000;  2,1768252; 57,87000; 32,36125; 39,88470
Biritinga;383;18,08540;EMBASA;  16653; 27,225; 11,155508;0,000000e+00;0,000000e+00;29,490000;  1,3060951; 57,26000; 32,87539; 40,51837
